{"Jigoku": {"amount_recorded": 5, "average_recorded_solve_speed": 0.26245684623718263, "fastest_recorded_solve_speed": 0.020997285842895508}, "SkyscraperSudoku": {"amount_recorded": 1, "average_recorded_solve_speed": 39.344581604003906, "fastest_recorded_solve_speed": 39.344581604003906}, "SumSudoku": {"amount_recorded": 1, "average_recorded_solve_speed": 42.69041633605957, "fastest_recorded_solve_speed": 42.69041633605957}}