{"Jigoku": {"amount_recorded": 18, "average_recorded_solve_speed": 0.2516341739230686, "fastest_recorded_solve_speed": 0.14151692390441895}, "SumSudoku": {"amount_recorded": 13, "average_recorded_solve_speed": 66.99963367902316, "fastest_recorded_solve_speed": 22.72344946861267}, "SkyscraperSudoku": {"amount_recorded": 6, "average_recorded_solve_speed": 95.73976043860118, "fastest_recorded_solve_speed": 21.537575483322144}, "ConsecutiveSudoku": {"amount_recorded": 14, "average_recorded_solve_speed": 0.40122153077806744, "fastest_recorded_solve_speed": 0.22533845901489258}}