{"Jigoku": {"amount_recorded": 5, "average_recorded_solve_speed": 0.26245684623718263, "fastest_recorded_solve_speed": 0.020997285842895508}, "SkyscraperSudoku": {"amount_recorded": 1, "average_recorded_solve_speed": 39.344581604003906, "fastest_recorded_solve_speed": 39.344581604003906}, "SumSudoku": {"amount_recorded": 1, "average_recorded_solve_speed": 42.69041633605957, "fastest_recorded_solve_speed": 42.69041633605957}, "Sudoku": {"amount_recorded": 5, "average_recorded_solve_speed": 0.024566793441772462, "fastest_recorded_solve_speed": 0.01917886734008789}, "Test": {"amount_recorded": 43, "average_recorded_solve_speed": 1.5015541398248007, "fastest_recorded_solve_speed": 1.002065896987915}}